record_id,source,platform,source_id,url,title,author,text,published_at,rating,language,search_query,collected_at
google_play_821b9c14-cf6b-4c54-8c7a-6d0b10048fc0,google_play,android,821b9c14-cf6b-4c54-8c7a-6d0b10048fc0,https://play.google.com/store/apps/details?id=com.google.android.apps.photos&reviewId=821b9c14-cf6b-4c54-8c7a-6d0b10048fc0,,Lil Chyteil Modiya,"Can't find my device photos even if I backed everything up. I can't also find it in my files. I didn't even ""accidentally"" delete it. Please fix this issue. I don't know what to do. Tried clearing the cache. The photos were very important to me.",2026-09-21T07:08:00+00:00,1,en,can't find,2026-09-22T04:24:12.110622+00:00
google_play_03ba0f04-e8ec-42f6-b8c4-b7ad4f484023,google_play,android,03ba0f04-e8ec-42f6-b8c4-b7ad4f484023,https://play.google.com/store/apps/details?id=com.google.android.apps.photos&reviewId=03ba0f04-e8ec-42f6-b8c4-b7ad4f484023,,Pan Nat,"I can't find any of my photos that they took off of my gallery. I hate Google photos. this app takes my well organized photos off of my phone and organizes them in a way that I can't find anything. I don't want their storage. I am afraid to uninstall cus it may delete all of my photos. if I do get them back i will never be able to organize them the way I had them. oh! this makes me so mad. wish i could take googles photos, and scramble them up. HEY GOOGLE! Give me my photos back you thieves!",2026-09-21T06:28:03+00:00,1,en,can't find,2026-09-22T04:24:12.110961+00:00
google_play_dc40fa6f-05fe-43fa-8899-2f48bfa5ee59,google_play,android,dc40fa6f-05fe-43fa-8899-2f48bfa5ee59,https://play.google.com/store/apps/details?id=com.google.android.apps.photos&reviewId=dc40fa6f-05fe-43fa-8899-2f48bfa5ee59,,J.J. Wonder,"This app is practically unusable anymore. The search engine doesn't ever freaking work when trying to find a specific photo, Even on Wi-Fi the page loads slow when trying to find a picture(Or doesn't load at all), It still doesn't have an option to where it can just save all of your photos/videos into albums without having to manually create them again. I'm only giving this 2 stars because it's one of the only ways that I know to backup my device photos without having to use a PC.",2025-10-15T23:45:29+00:00,2,en,search,2026-09-22T04:24:12.111020+00:00
google_play_e48f580e-9687-4819-ada1-9814a4131e2b,google_play,android,e48f580e-9687-4819-ada1-9814a4131e2b,https://play.google.com/store/apps/details?id=com.google.android.apps.photos&reviewId=e48f580e-9687-4819-ada1-9814a4131e2b,,Justin Wren,"Service has steadily declined for years now. Lots of features just completely don't work, for example saving a new frame from a motion photo. They removed the ability to search your photos if they aren't backed up. The cherry on top is recently they added an effect to your memories so that a large number comes in and shows you how many years it's been, unfortunately this new effect has ruined to quality of every single photo it shows. I really don't know how some of this leaves beta.",2026-02-17T22:18:40+00:00,2,en,search,2026-09-22T04:24:12.111056+00:00
google_play_fb853800-f7d4-4c6c-aa94-30548f6bfa21,google_play,android,fb853800-f7d4-4c6c-aa94-30548f6bfa21,https://play.google.com/store/apps/details?id=com.google.android.apps.photos&reviewId=fb853800-f7d4-4c6c-aa94-30548f6bfa21,,Matt Handler,"this app used to be perfect, but the quality has gone downhill. the new ai search rarely finds the photos i want in comparison to the old search where i'd find my photos every time. there's also a recent bug where adding photos to an album sometimes creates duplicates, and they are really hard to get rid of. it seems to be related to a delay when pressing the button to add a collection of photos, sometimes this hangs for like 10 seconds and i think if i press it twice i get duplicates.",2025-09-17T17:37:09+00:00,2,en,search,2026-09-22T04:24:12.111088+00:00
google_play_d6276e7a-5d2b-4533-ac69-4242148d9e22,google_play,android,d6276e7a-5d2b-4533-ac69-4242148d9e22,https://play.google.com/store/apps/details?id=com.google.android.apps.photos&reviewId=d6276e7a-5d2b-4533-ac69-4242148d9e22,,Jenn Goble,"Photos used to be the perfect photos app. it had the best search funding of any app. I used to race iphone users to see how far we could find the same photo and I always won. Now this near perfect search function has been replaced by AI, which not only doesn't return the photos I'm looking for, it actually acts as a stumbling block to me finding them. It's slow and inefficient. Another perfectly good tool ruined in the name of trying to convince us that AI is inevitable.",2026-09-03T04:25:39+00:00,1,en,search,2026-09-22T04:24:12.111119+00:00
google_play_be430887-186c-448a-9e15-c01d77128978,google_play,android,be430887-186c-448a-9e15-c01d77128978,https://play.google.com/store/apps/details?id=com.google.android.apps.photos&reviewId=be430887-186c-448a-9e15-c01d77128978,,Caroline Russell,"Not intuitive for digital art, which most of my pictures are. The Memories and Face Recognition and such only pay attention to the (very few) actual photos and thus are not helpful. AI tools are trash. If this app wasn't conveniently synced to my Google account I would uninstall and find something else. Also, make the ""folders"" button easier to get to, and then STOP MOVING IT AROUND! And stop rearranging the order of the *comic panels* in my *album*.",2026-09-16T00:52:25+00:00,2,en,face recognition,2026-09-22T04:24:12.111150+00:00
google_play_d4b8dd23-bb7f-491f-af95-99c45eb8d540,google_play,android,d4b8dd23-bb7f-491f-af95-99c45eb8d540,https://play.google.com/store/apps/details?id=com.google.android.apps.photos&reviewId=d4b8dd23-bb7f-491f-af95-99c45eb8d540,,Rebekah,"This app DOES NOT duplicate photos, so if you plan on keeping your photos in the original app you were using, you won't. All of my albums are missing photos because they were taken and placed into google photos, once restored all the photos are mixed together. Also when the photo is ""stacked"" it only restores one photo. I have over 7,000 photos I was transferring and now everything is so disorganized and there's no easy way to fix it without spending hours trying to figure it out. I am so upset!",2026-08-06T04:00:50+00:00,1,en,missing photos,2026-09-22T04:24:12.111179+00:00
google_play_180baa76-e72d-41c1-b403-a02aecfaeb35,google_play,android,180baa76-e72d-41c1-b403-a02aecfaeb35,https://play.google.com/store/apps/details?id=com.google.android.apps.photos&reviewId=180baa76-e72d-41c1-b403-a02aecfaeb35,,Kari Robinson,"I am paying for Google photo storage for 3TB.... yet there is no customer support to help you when the features don't work. I finally got all my photos uploaded and the face recognition stopped working. it does not see that there is even a face....and when it does, it is not automatically tagging a person. I have face groups turned on, I have cleared the cache, and sent feedback multiple times with requests to email me to troubleshoot.... but I get no help.",2026-08-30T20:13:07+00:00,1,en,face recognition,2026-09-22T04:24:12.111209+00:00
google_play_24478ad8-ae32-4f50-8f3f-d98b5f706357,google_play,android,24478ad8-ae32-4f50-8f3f-d98b5f706357,https://play.google.com/store/apps/details?id=com.google.android.apps.photos&reviewId=24478ad8-ae32-4f50-8f3f-d98b5f706357,,Ryan Williams,"Photos is forcing AI generated ""creations"" that use your photos. If you want to use the image search and ask questions about pictures, you have to have this enabled. There is no way to disable it. I have turned everything off except the AI itself so I can still image search, but it is analyzing my photos without me telling it to. And it's generating extremely ugly AI images and pinning them at the top of my gallery in giant tiles that can't be hidden... Yet another awful addition in a long line.",2026-07-08T17:02:15+00:00,1,en,search,2026-09-22T04:24:12.111240+00:00
google_play_2865fbd1-e82d-4490-a7d9-5f4df1482d6d,google_play,android,2865fbd1-e82d-4490-a7d9-5f4df1482d6d,https://play.google.com/store/apps/details?id=com.google.android.apps.photos&reviewId=2865fbd1-e82d-4490-a7d9-5f4df1482d6d,,J Thomas,"Search doesn't work like it used to, so it kind of makes this app worthless to me! With nearly 60k photos I can no longer search for SOME family and friends names in label descriptions I've make over many years, very frustrating. I've contaced google and they cannot find a resolution! Oh, and also something new, the app actually erases what I type on the description! I have to remember to copy text so I can cut and paste, or I have to retype everything!",2026-08-09T05:18:51+00:00,1,en,search,2026-09-22T04:24:12.111269+00:00
google_play_fac36b13-cb88-4c52-b7e4-ddfa7d73025b,google_play,android,fac36b13-cb88-4c52-b7e4-ddfa7d73025b,https://play.google.com/store/apps/details?id=com.google.android.apps.photos&reviewId=fac36b13-cb88-4c52-b7e4-ddfa7d73025b,,Kat Willoughby,"Good for photo storage and searching, but it sends too many memories/themed notifications each day and there isn't an option to fine-tune this other than to disable them. I like the occasional one to look back on but the current rate is pestering. Similarly, there's a pop-up (I think about AI editing of something? I dismiss it because I want to 👏 look 👏 at 👏 my 👏 photos when I open the app) that holds up using the app for what it's for. it's gotten pretty irritating to use.",2026-04-21T01:48:57+00:00,3,en,search,2026-09-22T04:24:12.111301+00:00
google_play_bbdfc7a1-63cb-4553-9b5d-f3c5be6663ba,google_play,android,bbdfc7a1-63cb-4553-9b5d-f3c5be6663ba,https://play.google.com/store/apps/details?id=com.google.android.apps.photos&reviewId=bbdfc7a1-63cb-4553-9b5d-f3c5be6663ba,,Seagull,"AI search is slower, less accurate, and more presumptuous than the version we had before. When AI search first came out, we even had a choice between the two, no longer. It's forced AI that interests the companies' surveillance more than the customers' choice, and I'll be switching to another storage provider as soon as possible. For work, I'd look up ""maps"" to pull up maps of locations I service, but the AI assumes I want Google Maps or ""map view"" and takes over my phone's control to switch.",2026-04-29T03:47:29+00:00,1,en,search,2026-09-22T04:24:12.111333+00:00
google_play_f38f4a2f-7eb0-453b-a273-47075e4d5460,google_play,android,f38f4a2f-7eb0-453b-a273-47075e4d5460,https://play.google.com/store/apps/details?id=com.google.android.apps.photos&reviewId=f38f4a2f-7eb0-453b-a273-47075e4d5460,,Chris Hatfield-Lee,"Their is a lot to like about the photo app. the editing tools are great and very easy to use. The new AI edits are quite impressive. However, facial recognition! This used to work well but has become a complete mess recently to the point it's useless to even try and search by name. Random people in backgrounds are being assigned key family members. It ignores 50% of the people clearly in the foreground. And there is no way to manually assign people to help fix errors, Apart from remove photo.",2025-06-14T07:53:18+00:00,2,en,search,2026-09-22T04:24:12.111366+00:00
google_play_62db9478-859f-4268-ba13-7f56ac143998,google_play,android,62db9478-859f-4268-ba13-7f56ac143998,https://play.google.com/store/apps/details?id=com.google.android.apps.photos&reviewId=62db9478-859f-4268-ba13-7f56ac143998,,Jordan Wolf,"I've been thinking about writing a review since the change in the way I can edit my own photos, but I thought it'd be fine. It's not. This sucks. Google lens is no longer in the suggested actions at the bottom, instead you have to tap on the three dots in the upper right corner, which is just unnecessary and annoying. The editor is actually trash now, like I'd rather download an extra app to edit/crop my pics and everytime I want to look through my albums it opens the search function.",2025-10-09T05:47:32+00:00,1,en,search,2026-09-22T04:24:12.111401+00:00
google_play_26476128-9573-4e06-a9bd-a4382bb4fe1a,google_play,android,26476128-9573-4e06-a9bd-a4382bb4fe1a,https://play.google.com/store/apps/details?id=com.google.android.apps.photos&reviewId=26476128-9573-4e06-a9bd-a4382bb4fe1a,,David,"They added search to the Add To Album popup! Someone *is* reading all those feedbacks I send!!! Easy backup of photos and videos. Nice interface for browsing photos and videos. Sometimes fails or errors out, but not too bad. Video creator is mostly automatic but I like the amount of tweaking it provides (adjusting music, filter, and titles).",2025-06-09T11:34:07+00:00,5,en,search,2026-09-22T04:24:12.111435+00:00
google_play_bd1afa26-2281-4093-a462-b9b6f1f4f0b5,google_play,android,bd1afa26-2281-4093-a462-b9b6f1f4f0b5,https://play.google.com/store/apps/details?id=com.google.android.apps.photos&reviewId=bd1afa26-2281-4093-a462-b9b6f1f4f0b5,,Sabrina Absher,"Loved Google Photos. Always demonstrating to people how easy it was to find a photo i.e. 'Dog in a hat'. Now the search has changed to AI and it's terrible. Even changing to classic, the same search will show your photo briefly, then change to 'Nothing found' or a huge list of random garbage. I cannot search anything. So sad. I have thousands of photos in storage. Google was my end all, be all.",2025-02-23T06:57:01+00:00,2,en,search,2026-09-22T04:24:12.111471+00:00
google_play_e5c9be75-7682-47dc-9e0e-a1909edc5dff,google_play,android,e5c9be75-7682-47dc-9e0e-a1909edc5dff,https://play.google.com/store/apps/details?id=com.google.android.apps.photos&reviewId=e5c9be75-7682-47dc-9e0e-a1909edc5dff,,Robert N Chase,"Change is sometimes difficult. Finding specific photos varies between easy and challenging, depending on both Google's and your interpretation of search words. The latest changes have made it more difficult to find photos by people's names.. Those albums have disappeared from easy view; you have to figure out how to find them.",2024-09-30T20:00:55+00:00,3,en,search,2026-09-22T04:24:12.111508+00:00
google_play_24e628d4-e435-4971-afd3-ff777feb031b,google_play,android,24e628d4-e435-4971-afd3-ff777feb031b,https://play.google.com/store/apps/details?id=com.google.android.apps.photos&reviewId=24e628d4-e435-4971-afd3-ff777feb031b,,Nayanthara moly Saji,"Google Photos is one of the best apps for storing and organizing photos. It automatically backs up your images, offers powerful search features, and groups faces and places accurately. The editing tools are simple yet effective. The cloud storage helps free up space on your phone. Some features now require a subscription, but overall it’s a reliable and smart photo management app.",2025-07-24T04:53:24+00:00,5,en,search,2026-09-22T04:24:12.111541+00:00
google_play_3e73d3af-b9a1-4c54-8a34-d797356badf5,google_play,android,3e73d3af-b9a1-4c54-8a34-d797356badf5,https://play.google.com/store/apps/details?id=com.google.android.apps.photos&reviewId=3e73d3af-b9a1-4c54-8a34-d797356badf5,,Shyamali Roy,n❤️‍🩹c,2026-09-21T09:36:43+00:00,5,en,general_reviews,2026-09-22T04:24:12.111576+00:00
google_play_fcd6d3cc-4803-4b75-90a1-1ba593f0b9fa,google_play,android,fcd6d3cc-4803-4b75-90a1-1ba593f0b9fa,https://play.google.com/store/apps/details?id=com.google.android.apps.photos&reviewId=fcd6d3cc-4803-4b75-90a1-1ba593f0b9fa,,DANNY GATES (Danny),RUBBISH BIN,2026-09-21T09:33:37+00:00,1,en,general_reviews,2026-09-22T04:24:12.111609+00:00
google_play_5f3ce9db-00cf-4694-8aa2-2aa68f78baf5,google_play,android,5f3ce9db-00cf-4694-8aa2-2aa68f78baf5,https://play.google.com/store/apps/details?id=com.google.android.apps.photos&reviewId=5f3ce9db-00cf-4694-8aa2-2aa68f78baf5,,Panthula Charan Raj,"The lack of end-to-end encryption for cloud backups makes Google Photos feel really insecure, and the risk of data breaches or Google having access to my private memories is a major concern. I don't feel safe trusting it with my personal photos, so I can't recommend it.",2026-09-21T09:29:36+00:00,1,en,general_reviews,2026-09-22T04:24:12.111642+00:00
google_play_795995e3-e9b3-4c00-9e5c-4b1e54d155b9,google_play,android,795995e3-e9b3-4c00-9e5c-4b1e54d155b9,https://play.google.com/store/apps/details?id=com.google.android.apps.photos&reviewId=795995e3-e9b3-4c00-9e5c-4b1e54d155b9,,ayushjaiswal jaiswal,these is very nice for photo 🤩🤩🤩🤩,2026-09-21T09:28:19+00:00,5,en,general_reviews,2026-09-22T04:24:12.111677+00:00
google_play_45b3844f-badf-4264-9897-dabeed118a60,google_play,android,45b3844f-badf-4264-9897-dabeed118a60,https://play.google.com/store/apps/details?id=com.google.android.apps.photos&reviewId=45b3844f-badf-4264-9897-dabeed118a60,,Asokan Laksmanan,super,2026-09-21T09:25:24+00:00,4,en,general_reviews,2026-09-22T04:24:12.111710+00:00
google_play_16b4821a-e0e4-4f9a-849a-e8d20511354a,google_play,android,16b4821a-e0e4-4f9a-849a-e8d20511354a,https://play.google.com/store/apps/details?id=com.google.android.apps.photos&reviewId=16b4821a-e0e4-4f9a-849a-e8d20511354a,,Arun Mondal,হিইই,2026-09-21T09:21:22+00:00,1,en,general_reviews,2026-09-22T04:24:12.111746+00:00
google_play_34b800f5-810f-402d-921e-dbe03f7301c9,google_play,android,34b800f5-810f-402d-921e-dbe03f7301c9,https://play.google.com/store/apps/details?id=com.google.android.apps.photos&reviewId=34b800f5-810f-402d-921e-dbe03f7301c9,,Karmen,good,2026-09-21T09:17:50+00:00,3,en,general_reviews,2026-09-22T04:24:12.111784+00:00
google_play_f6a14dfd-078f-41a2-8873-5b12e2463441,google_play,android,f6a14dfd-078f-41a2-8873-5b12e2463441,https://play.google.com/store/apps/details?id=com.google.android.apps.photos&reviewId=f6a14dfd-078f-41a2-8873-5b12e2463441,,Phillip Craig Kenneth Mcpherson,Needs update need a duplicating tool please,2026-09-21T09:15:41+00:00,3,en,general_reviews,2026-09-22T04:24:12.111820+00:00
google_play_163894b0-8950-402d-b705-d849b1deccaa,google_play,android,163894b0-8950-402d-b705-d849b1deccaa,https://play.google.com/store/apps/details?id=com.google.android.apps.photos&reviewId=163894b0-8950-402d-b705-d849b1deccaa,,Paula Rivera,nice app,2026-09-21T09:15:07+00:00,5,en,general_reviews,2026-09-22T04:24:12.111854+00:00
google_play_bbf19901-18cb-4e90-91ac-7dab1b97e21a,google_play,android,bbf19901-18cb-4e90-91ac-7dab1b97e21a,https://play.google.com/store/apps/details?id=com.google.android.apps.photos&reviewId=bbf19901-18cb-4e90-91ac-7dab1b97e21a,,Sharanappa S,good,2026-09-21T09:14:10+00:00,5,en,general_reviews,2026-09-22T04:24:12.111888+00:00
google_play_1589215e-a645-4b47-ba3f-80b0c12043b1,google_play,android,1589215e-a645-4b47-ba3f-80b0c12043b1,https://play.google.com/store/apps/details?id=com.google.android.apps.photos&reviewId=1589215e-a645-4b47-ba3f-80b0c12043b1,,Liyakat Hoqen,))(/,2026-09-21T09:13:48+00:00,2,en,general_reviews,2026-09-22T04:24:12.111926+00:00
