run_id,source,started_at,finished_at,records_collected,records_after_deduplication,status,error_message,queries_used
run_20260922_042410_ef80da,google_play,2026-09-22T04:24:10.206727+00:00,2026-09-22T04:24:12.112549+00:00,30,30,SUCCESS,,"Google Photos can't find photo, Google Photos search old photos, Google Photos find specific photo"
run_20260922_042410_ef80da,app_store,2026-09-22T04:24:12.125397+00:00,2026-09-22T04:24:15.309356+00:00,30,1,SUCCESS,,"Google Photos can't find photo, Google Photos search old photos, Google Photos find specific photo"
run_20260922_042410_ef80da,reddit,2026-09-22T04:24:15.314715+00:00,2026-09-22T04:26:09.299779+00:00,0,0,SUCCESS,,"can't find photo, search doesn't work, search old photos"
run_20260922_042410_ef80da,google_photos_community,2026-09-22T04:26:09.306589+00:00,2026-09-22T04:26:47.173455+00:00,5,5,SUCCESS,,"can't find photo, search not working, find old photos"
run_20260922_042410_ef80da,youtube,2026-09-22T04:26:47.187725+00:00,2026-09-22T04:26:47.188381+00:00,0,0,SUCCESS,,"Google Photos AI search, Ask Google Photos search, Google Photos search tips"
run_20260922_042410_ef80da,forums,2026-09-22T04:26:47.195711+00:00,2026-09-22T04:26:57.282894+00:00,30,29,SUCCESS,,"Google Photos search, Google Photos can't find photo, Ask Google Photos"
run_20260922_042410_ef80da,social_media,2026-09-22T04:26:57.298741+00:00,2026-09-22T04:27:13.183072+00:00,0,0,SUCCESS,,"Google Photos search, Google Photos can't find, Ask Photos Google"
run_20260922_043847_b157ec,google_play,2026-09-22T04:38:47.405249+00:00,2026-09-22T04:38:49.093941+00:00,30,30,SUCCESS,,"Google Photos can't find photo, Google Photos search old photos, Google Photos find specific photo"
run_20260922_043847_b157ec,app_store,2026-09-22T04:38:49.113730+00:00,2026-09-22T04:38:54.461098+00:00,30,1,SUCCESS,,"Google Photos can't find photo, Google Photos search old photos, Google Photos find specific photo"
run_20260922_043847_b157ec,reddit,2026-09-22T04:38:54.474432+00:00,2026-09-22T04:39:03.071022+00:00,30,30,SUCCESS,,"can't find photo, search doesn't work, search old photos"
run_20260922_043847_b157ec,google_photos_community,2026-09-22T04:39:03.095085+00:00,2026-09-22T04:39:58.418257+00:00,25,25,SUCCESS,,"can't find photo, search not working, find old photos"
run_20260922_043847_b157ec,youtube,2026-09-22T04:39:58.531391+00:00,2026-09-22T04:39:58.532236+00:00,0,0,SUCCESS,,"Google Photos AI search, Ask Google Photos search, Google Photos search tips"
run_20260922_043847_b157ec,forums,2026-09-22T04:39:58.549539+00:00,2026-09-22T04:40:15.541023+00:00,30,29,SUCCESS,,"Google Photos search, Google Photos can't find photo, Ask Google Photos"
run_20260922_043847_b157ec,social_media,2026-09-22T04:40:15.575621+00:00,2026-09-22T04:40:47.586465+00:00,19,19,SUCCESS,,"Google Photos search, Google Photos can't find, Ask Photos Google"
run_20260922_044307_a84af1,google_play,2026-09-22T04:43:07.964227+00:00,2026-09-22T04:43:09.445668+00:00,30,30,SUCCESS,,"Google Photos can't find photo, Google Photos search old photos, Google Photos find specific photo"
run_20260922_044307_a84af1,app_store,2026-09-22T04:43:09.469177+00:00,2026-09-22T04:43:12.336233+00:00,30,30,SUCCESS,,"Google Photos can't find photo, Google Photos search old photos, Google Photos find specific photo"
run_20260922_044307_a84af1,reddit,2026-09-22T04:43:12.346969+00:00,2026-09-22T04:44:05.347223+00:00,30,30,SUCCESS,,"can't find photo, search doesn't work, search old photos"
run_20260922_044307_a84af1,google_photos_community,2026-09-22T04:44:05.377876+00:00,2026-09-22T04:44:49.973628+00:00,25,25,SUCCESS,,"can't find photo, search not working, find old photos"
run_20260922_044307_a84af1,youtube,2026-09-22T04:44:50.100295+00:00,2026-09-22T04:44:50.101101+00:00,0,0,SUCCESS,,"Google Photos AI search, Ask Google Photos search, Google Photos search tips"
run_20260922_044307_a84af1,forums,2026-09-22T04:44:50.111134+00:00,2026-09-22T04:45:07.603026+00:00,30,29,SUCCESS,,"Google Photos search, Google Photos can't find photo, Ask Google Photos"
run_20260922_044307_a84af1,social_media,2026-09-22T04:45:07.624660+00:00,2026-09-22T04:45:49.722107+00:00,19,19,SUCCESS,,"Google Photos search, Google Photos can't find, Ask Photos Google"
run_20260923_181159_757047,youtube,2026-09-23T18:11:59.385233+00:00,2026-09-23T18:12:02.043103+00:00,35,35,SUCCESS,,"Google Photos AI search, Ask Google Photos search, Google Photos search tips"
run_20260923_181624_f0959d,google_play,2026-09-23T18:16:24.707430+00:00,2026-09-23T18:16:26.540291+00:00,200,200,SUCCESS,,"Google Photos can't find photo, Google Photos search old photos, Google Photos find specific photo"
run_20260923_181624_f0959d,app_store,2026-09-23T18:16:26.555367+00:00,2026-09-23T18:16:34.305476+00:00,200,200,SUCCESS,,"Google Photos can't find photo, Google Photos search old photos, Google Photos find specific photo"
run_20260923_181624_f0959d,reddit,2026-09-23T18:16:34.320000+00:00,2026-09-23T18:18:05.828289+00:00,75,75,SUCCESS,,"can't find photo, search doesn't work, search old photos"
run_20260923_181624_f0959d,google_photos_community,2026-09-23T18:18:05.844987+00:00,2026-09-23T18:18:41.571741+00:00,195,194,SUCCESS,,"can't find photo, search not working, find old photos"
run_20260923_181624_f0959d,youtube,2026-09-23T18:18:41.942292+00:00,2026-09-23T18:18:46.864486+00:00,200,200,SUCCESS,,"Google Photos AI search, Ask Google Photos search, Google Photos search tips"
run_20260923_181624_f0959d,forums,2026-09-23T18:18:46.881234+00:00,2026-09-23T18:18:58.413087+00:00,139,138,SUCCESS,,"Google Photos search, Google Photos can't find photo, Ask Google Photos"
run_20260923_181624_f0959d,social_media,2026-09-23T18:18:58.431499+00:00,2026-09-23T18:19:14.268441+00:00,28,28,SUCCESS,,"Google Photos search, Google Photos can't find, Ask Photos Google"
